date,btc_close,mstr_close,btc_nav_total,btc_nav_per_share,mnav,premium_to_nav,premium_to_nav_pct,mnav_30d_ma,premium_30d_ma
2024-01-02,44957.96875,68.514999,23746124724.218754,96.528962,0.709787,-0.290213,-29.021303,0.709787,-0.290213
2024-01-03,42848.175781,63.105999,22631763725.01953,91.99904,0.685942,-0.314058,-31.405807,0.697864,-0.302136
2024-01-04,44179.921875,65.581001,23335172035.546875,94.858423,0.691357,-0.308643,-30.864335,0.695695,-0.304305
2024-01-05,44162.691406,63.108002,23326071160.410156,94.821427,0.665546,-0.334454,-33.445421,0.688158,-0.311842
2024-01-08,46970.503906,59.800999,24809115605.722656,100.850063,0.592969,-0.407031,-40.703063,0.66912,-0.33088
2024-01-09,46139.730469,57.729,24370313537.63672,99.066315,0.582731,-0.417269,-41.726913,0.654722,-0.345278
2024-01-10,46627.777344,56.567001,24628092576.308594,100.114197,0.565025,-0.434975,-43.497523,0.641908,-0.358092
2024-01-11,46368.585938,53.618,24491191563.398438,99.557689,0.538562,-0.461438,-46.143788,0.62899,-0.37101
2024-01-12,42853.167969,48.553001,22634400523.57422,92.009758,0.527694,-0.472306,-47.230596,0.617735,-0.382265
2024-01-16,43154.945312,48.214001,22793794789.882812,92.657702,0.520345,-0.479655,-47.965469,0.607996,-0.392004
2024-01-17,42742.652344,49.900002,22576027828.183594,91.772471,0.543736,-0.456264,-45.626394,0.602154,-0.397846
2024-01-18,41262.058594,48.66,21794000418.339844,88.593498,0.54925,-0.45075,-45.074976,0.597745,-0.402255
2024-01-19,41618.40625,48.099998,21982217905.156246,89.358609,0.538281,-0.461719,-46.171948,0.593171,-0.406829
2024-01-22,39507.367188,47.019001,20867198737.929688,84.826011,0.554299,-0.445701,-44.570067,0.590395,-0.409605
2024-01-23,39845.550781,45.019001,21045822239.39453,85.552123,0.526217,-0.473783,-47.378277,0.586116,-0.413884
2024-01-24,40077.074219,45.098999,21168109446.23047,86.049225,0.524107,-0.475893,-47.589303,0.582241,-0.417759
2024-01-25,39933.808594,45.778,21092438692.089844,85.741621,0.533906,-0.466094,-46.60936,0.579397,-0.420603
2024-01-26,41816.871094,49.450001,22087044058.652344,89.784732,0.550762,-0.449238,-44.92382,0.577806,-0.422194
2024-01-29,43288.246094,51.381001,22864202263.027344,92.943912,0.552817,-0.447183,-44.718272,0.576491,-0.423509
2024-01-30,42952.609375,51.951,22686923982.734375,92.223268,0.563318,-0.436682,-43.668229,0.575833,-0.424167
2024-01-31,42582.605469,50.120998,22491493469.51172,91.428835,0.548197,-0.451803,-45.180316,0.574517,-0.425483
2024-02-01,43075.773438,50.348,22751977393.085938,92.487713,0.544375,-0.455625,-45.562499,0.573147,-0.426853
2024-02-02,43185.859375,50.009998,22810123133.984375,92.724078,0.539342,-0.460658,-46.065791,0.571677,-0.428323
2024-02-05,42658.667969,49.060001,22531668541.07422,91.592149,0.535635,-0.464365,-46.436455,0.570175,-0.429825
2024-02-06,43084.671875,49.799999,22756677414.296875,92.506819,0.538339,-0.461661,-46.166131,0.568902,-0.431098
2024-02-07,44318.222656,50.800999,23408220433.691406,95.155368,0.533874,-0.466126,-46.612577,0.567554,-0.432446
2024-02-08,45301.566406,58.780998,23927607852.285156,97.266699,0.604328,-0.395672,-39.567191,0.568916,-0.431084
2024-02-09,47147.199219,64.632004,24902443419.35547,101.229445,0.63847,-0.36153,-36.15296,0.5714,-0.4286
2024-02-12,49958.222656,71.751999,26387183833.691406,107.264975,0.668923,-0.331077,-33.107709,0.574763,-0.425237
2024-02-13,49742.441406,68.601997,26273211414.160156,106.801672,0.642331,-0.357669,-35.766926,0.577016,-0.422984
2024-02-14,51826.695312,76.987999,27374083063.632812,111.27676,0.691861,-0.308139,-30.813947,0.576418,-0.423582
2024-02-15,51938.554688,71.800003,27433165507.617188,111.516933,0.643848,-0.356152,-35.615156,0.575015,-0.424985
2024-02-16,52160.203125,69.956001,27550236887.578125,111.992833,0.624647,-0.375353,-37.535287,0.572791,-0.427209
2024-02-20,52284.875,70.498001,27616086701.875,112.260515,0.627986,-0.372014,-37.201427,0.571539,-0.428461
2024-02-21,51839.179688,67.279999,27380677123.242188,111.303566,0.604473,-0.395527,-39.552701,0.571923,-0.428077
2024-02-22,51304.972656,71.315002,27098516982.441406,110.156573,0.647397,-0.352603,-35.26033,0.574078,-0.425922
2024-02-23,50731.949219,68.744003,26795854598.10547,108.926238,0.631106,-0.368894,-36.889399,0.576281,-0.423719
2024-02-26,54522.402344,79.648003,28797915081.933594,117.064695,0.680376,-0.319624,-31.962406,0.581008,-0.418992
2024-02-27,57085.371094,87.18,30151636731.152344,122.567629,0.711281,-0.288719,-28.871921,0.587128,-0.412872
2024-02-28,62504.789062,96.294998,33014092010.976562,134.203626,0.717529,-0.282471,-28.247097,0.5937,-0.4063
2024-02-29,61198.382812,102.283997,32324067825.820312,131.39865,0.778425,-0.221575,-22.157498,0.601523,-0.398477
2024-03-01,62440.632812,107.939003,32980205642.070312,134.065877,0.805119,-0.194881,-19.488086,0.610052,-0.389948
2024-03-04,68330.414062,133.401001,36091099751.60156,146.711788,0.909273,-0.090727,-9.072745,0.622419,-0.377581
2024-03-05,63801.199219,105.100998,33698836409.35547,136.98714,0.767233,-0.232767,-23.276741,0.629516,-0.370484
2024-03-06,66106.804688,124.621002,34916622633.86719,141.93749,0.877999,-0.122001,-12.200081,0.641243,-0.358757
2024-03-07,66925.484375,130.001999,35349036964.609375,143.695272,0.904706,-0.095294,-9.529383,0.653929,-0.346071
2024-03-08,68300.09375,142.559006,36075085017.34375,146.646687,0.972126,-0.027874,-2.787435,0.668536,-0.331464
2024-03-11,72123.90625,148.423004,38094765422.65625,154.85677,0.958453,-0.041547,-4.154656,0.682126,-0.317874
2024-03-12,71481.289062,159.335007,37755344663.47656,153.477011,1.038169,0.038169,3.816856,0.698305,-0.301695
2024-03-13,73083.5,176.615005,38601608447.5,156.917108,1.125531,0.125531,12.55306,0.717045,-0.282955
2024-03-14,71396.59375,167.684998,37710609869.84375,153.295162,1.09387,0.09387,9.387012,0.735234,-0.264766
2024-03-15,69403.773438,178.235992,36658032073.08594,149.016391,1.196083,0.196083,19.608314,0.756958,-0.243042
2024-03-18,67548.59375,150.276001,35678153989.84375,145.033146,1.036149,0.036149,3.614935,0.773518,-0.226482
2024-03-19,61912.773438,141.75,32701398238.085938,132.932513,1.066331,0.066331,6.633055,0.791208,-0.208792
2024-03-20,67913.671875,154.651993,35870982779.296875,145.817003,1.06059,0.06059,6.058957,0.808616,-0.191384
2024-03-21,65491.390625,159.929001,34591570157.265625,140.616139,1.137345,0.137345,13.734456,0.828732,-0.171268
2024-03-22,63778.761719,152.300003,33686985258.41797,136.938964,1.112174,0.112174,11.217434,0.84566,-0.15434
2024-03-25,69958.8125,185.600006,36951195380.31249,150.208111,1.235619,0.235619,23.561907,0.865565,-0.134435
2024-03-26,69987.835938,187.699005,36966525124.64844,150.270427,1.249075,0.249075,24.907481,0.884903,-0.115097
2024-03-27,69455.34375,191.916,36685270738.59375,149.127117,1.286929,0.286929,28.692893,0.90639,-0.09361
2024-03-28,70744.953125,170.455994,37366423066.328125,151.896029,1.122189,0.122189,12.218861,0.920734,-0.079266
2024-04-01,69702.148438,163.673996,36815629272.46094,149.65703,1.093661,0.093661,9.366059,0.935728,-0.064272
2024-04-02,65446.972656,157.882996,34568109252.44141,140.520769,1.123556,0.123556,12.35563,0.952358,-0.047642
2024-04-03,65980.8125,160.610992,34850075450.3125,141.666973,1.133722,0.133722,13.37222,0.969216,-0.030784
2024-04-04,68508.84375,161.542007,36185343636.09375,147.094893,1.098216,0.098216,9.821629,0.985674,-0.014326
2024-04-05,67837.640625,143.899994,35830824213.515625,145.653757,0.987959,-0.012041,-1.204063,0.997026,-0.002974
2024-04-08,71631.359375,151.298996,37834609551.484375,153.799226,0.983744,-0.016256,-1.625645,1.008781,0.008781
2024-04-09,69139.015625,144.102005,36518190967.890625,148.447931,0.970724,-0.029276,-2.927576,1.018459,0.018459
2024-04-10,70587.882812,156.600006,37283460883.32031,151.558784,1.033262,0.033262,3.326249,1.029192,0.029192
2024-04-11,70060.609375,155.181,37004962962.734375,150.426679,1.031606,0.031606,3.160557,1.039661,0.039661
2024-04-12,67195.867188,147.957993,35491849110.42969,144.275809,1.025522,0.025522,2.552183,1.047898,0.047898
2024-04-15,63426.210938,133.587997,33500773224.023438,136.182005,0.980952,-0.019048,-1.904809,1.053759,0.053759
2024-04-16,63811.863281,125.403,33704469007.20703,137.010037,0.915283,-0.084717,-8.471669,1.053959,0.053959
2024-04-17,61276.691406,118.805,32365429250.410156,131.566786,0.903001,-0.096999,-9.699853,1.058485,0.058485
2024-04-18,63512.753906,120.816002,33546483921.972656,136.367821,0.885957,-0.114043,-11.404317,1.05875,0.05875
2024-04-19,63843.570312,117.411003,33721216185.507812,137.078115,0.856526,-0.143474,-14.347375,1.057144,0.057144
2024-04-22,66837.679688,132.401001,35302659845.74219,143.506747,0.922612,-0.077388,-7.738832,1.055494,0.055494
2024-04-23,66407.273438,133.863998,35075325720.58594,142.582625,0.938852,-0.061148,-6.114789,1.05484,0.05484
2024-04-24,64276.898438,126.567001,33950093601.210938,138.008511,0.917096,-0.082904,-8.290437,1.050805,0.050805
2024-04-25,64481.707031,124.041,34058270428.30078,138.448254,0.895938,-0.104062,-10.406237,1.043151,0.043151
2024-04-26,63755.320312,128.238007,33674603859.257812,136.888634,0.936805,-0.063195,-6.319463,1.037916,0.037916
2024-04-29,63841.121094,129.296997,33719922544.902344,137.072856,0.943272,-0.056728,-5.672793,1.029489,0.029489
2024-04-30,60636.855469,106.502998,32027477505.76172,130.192998,0.818039,-0.181961,-18.196063,1.022219,0.022219
2024-05-01,58254.011719,102.827003,30768895179.66797,125.07681,0.822111,-0.177889,-17.788914,1.014078,0.014078
2024-05-02,59123.433594,112.942001,31228110772.714844,126.94354,0.889703,-0.110297,-11.029737,1.008382,0.008382
2024-05-03,62889.835938,122.301003,33217467994.648438,135.030358,0.90573,-0.09427,-9.427032,1.000661,0.000661
2024-05-06,63161.949219,126.880997,33361194148.10547,135.61461,0.9356,-0.0644,-6.440024,0.994775,-0.005225
2024-05-07,62334.816406,125.745003,32924315003.535156,133.838679,0.939527,-0.060473,-6.047337,0.984906,-0.015094
2024-05-08,61187.941406,123.311996,32318552831.660156,131.376231,0.938617,-0.061383,-6.138275,0.974557,-0.025443
2024-05-09,63049.960938,126.363998,33302043617.773438,135.374161,0.933443,-0.066557,-6.655748,0.962774,-0.037226
2024-05-10,60792.777344,118.047997,32109833101.308594,130.527777,0.90439,-0.09561,-9.561015,0.955514,-0.044486
2024-05-13,62901.449219,124.596001,33223601955.60547,135.055293,0.922555,-0.077445,-7.744452,0.949811,-0.050189
2024-05-14,61552.789062,129.763,32511259890.976562,132.159593,0.981866,-0.018134,-1.813408,0.945088,-0.054912
2024-05-15,66267.492188,150.347,35001495361.05469,142.282501,1.056679,0.056679,5.667948,0.94252,-0.05748
2024-05-16,65231.582031,143.998001,34454343155.17578,140.058306,1.028129,0.028129,2.812897,0.940183,-0.059817
2024-05-17,67051.875,158.449997,35415794596.875,143.966645,1.100602,0.100602,10.060214,0.943938,-0.056062
2024-05-20,71448.195312,172.723999,37737865041.13281,153.405955,1.125928,0.125928,12.59276,0.948678,-0.051322
2024-05-21,70136.53125,165.542007,37045063758.28125,150.58969,1.099292,0.099292,9.929177,0.952963,-0.047037
2024-05-22,69122.335938,164.699997,36509381007.14844,148.412118,1.109748,0.109748,10.974764,0.955513,-0.044487
2024-05-23,67929.5625,154.406998,35879375969.0625,145.851122,1.058662,0.058662,5.866171,0.956415,-0.043585
2024-05-24,68526.101562,168.483994,36194458953.78906,147.131947,1.145122,0.145122,14.512176,0.960401,-0.039599
2024-05-28,68296.21875,167.535004,36073038300.46875,146.638367,1.142505,0.142505,14.250456,0.965786,-0.034214
2024-05-29,67578.09375,161.869995,35693735447.34375,145.096486,1.115602,0.115602,11.560245,0.972464,-0.027536
2024-05-30,68364.992188,154.100006,36109363398.55469,146.78603,1.049827,0.049827,4.982747,0.977358,-0.022642
2024-05-31,67491.414062,152.449005,35647952536.60156,144.910376,1.052023,0.052023,5.20227,0.982893,-0.017107
2024-06-03,68804.78125,162.740997,36341653384.53125,147.730298,1.101609,0.101609,10.16088,0.991063,-0.008937
2024-06-04,70567.765625,163.876999,37272835286.640625,151.515591,1.081585,0.081585,8.158506,0.996362,-0.003638
2024-06-05,71082.820312,169.468994,37544879446.75781,152.621461,1.110388,0.110388,11.038771,1.00208,0.00208
2024-06-06,70757.164062,165.662994,37372872700.35156,151.922247,1.090446,0.090446,9.044592,1.007858,0.007858
2024-06-07,69342.585938,159.619995,36625713753.39844,148.885015,1.072102,0.072102,7.210249,1.01373,0.01373
2024-06-10,69512.28125,159.992004,36715344272.03125,149.249367,1.071978,0.071978,7.197778,1.018236,0.018236
2024-06-11,67332.03125,155.548996,35563768925.78125,144.568166,1.075956,0.075956,7.595607,1.022659,0.022659
2024-06-12,68241.1875,160.367004,36043971619.68751,146.52021,1.094504,0.094504,9.450433,1.031874,0.031874
2024-06-13,66756.398438,148.388,35259728308.71094,143.332229,1.035273,0.035273,3.52731,1.03898,0.03898
2024-06-14,66011.09375,149.554001,34866069552.34375,141.73199,1.055189,0.055189,5.518875,1.044496,0.044496
2024-06-17,66490.296875,150.725998,35119177454.921875,142.760884,1.055793,0.055793,5.579339,1.049498,0.049498
2024-06-18,65140.746094,146.942993,34406364975.52734,139.863272,1.050619,0.050619,5.061887,1.053332,0.053332
2024-06-20,64828.65625,146.539993,34241523801.406246,139.193186,1.052781,0.052781,5.278137,1.057107,0.057107
2024-06-21,64096.199219,148.376007,33854650984.35547,137.620532,1.078153,0.078153,7.815312,1.061758,0.061758
2024-06-24,60277.414062,137.214996,31837625946.601562,129.421244,1.06022,0.06022,6.022004,1.065984,0.065984
2024-06-25,61804.640625,149.574005,32644284108.515625,132.700342,1.127156,0.127156,12.715614,1.07341,0.07341
2024-06-26,60811.277344,145.772995,32119604523.808594,130.567498,1.116457,0.116457,11.645698,1.079873,0.079873
2024-06-27,61604.800781,152.539993,32538731700.64453,132.271267,1.153236,0.153236,15.323605,1.085585,0.085585
2024-06-28,60320.136719,137.748001,31860191412.79297,129.512973,1.063585,0.063585,6.358458,1.085816,0.085816
2024-07-01,62851.980469,136.597,33197473303.88672,134.949078,1.012211,0.012211,1.221143,1.085285,0.085285
2024-07-02,62029.015625,132.018997,32762795617.890625,133.182096,0.991267,-0.008733,-0.873315,1.081641,0.081641
2024-07-03,60173.921875,130.209,31782962925.546875,129.199036,1.007817,0.007817,0.781711,1.077704,0.077704
2024-07-05,56662.375,128.171997,29928216539.375,121.659417,1.053531,0.053531,5.353125,1.076178,0.076178
2024-07-08,56705.097656,129.057999,29950782005.566406,121.751146,1.060015,0.060015,6.001465,1.07452,0.07452
2024-07-09,58009.226562,130.177002,30639603331.914062,124.551233,1.045168,0.045168,4.516831,1.074071,0.074071
2024-07-10,57742.496094,130.572006,30498720299.277344,123.978538,1.053182,0.053182,5.318234,1.071006,0.071006
2024-07-11,57344.914062,135.856003,30288723434.101562,123.124892,1.1034,0.1034,10.339998,1.069703,0.069703
2024-07-12,57899.464844,139.675995,30581628838.496094,124.315564,1.12356,0.12356,12.355999,1.069968,0.069968
2024-07-15,64870.152344,161.128006,34263441415.683594,139.282282,1.156845,0.156845,15.684496,1.073535,0.073535
2024-07-16,65097.148438,166.429993,34383337347.46094,139.769664,1.190745,0.190745,19.074474,1.078159,0.078159
2024-07-17,64118.792969,159.0,33866584664.19922,137.669043,1.154944,0.154944,15.494374,1.079937,0.079937
2024-07-18,63974.066406,155.516006,33790142264.785156,137.358302,1.132192,0.132192,13.219226,1.081624,0.081624
2024-07-19,66710.15625,177.850006,35235303878.90625,143.232943,1.241684,0.241684,24.168367,1.086,0.086
2024-07-22,67585.25,180.009003,35697515271.25,145.111851,1.240485,0.240485,24.048451,1.091002,0.091002
2024-07-23,65927.671875,172.177002,34822007369.296875,141.552875,1.216344,0.216344,21.634408,1.09581,0.09581
2024-07-24,65372.132812,167.268997,34528579969.57031,140.360081,1.191713,0.191713,19.171345,1.099801,0.099801
2024-07-25,65777.226562,160.647003,34742544411.91406,141.229855,1.137486,0.137486,13.748614,1.101852,0.101852
2024-07-26,67912.0625,175.270996,35870132731.5625,145.813548,1.202021,0.202021,20.202134,1.105436,0.105436
2024-07-29,66819.914062,168.485001,35293276309.10156,143.468603,1.174368,0.174368,17.436845,1.110072,0.110072
2024-07-30,66201.015625,160.406998,34966383437.890625,142.13977,1.128516,0.128516,12.851595,1.112517,0.112517
2024-07-31,64619.25,161.444,34130918561.25,138.743571,1.163614,0.163614,16.361428,1.116111,0.116111
2024-08-01,65357.5,151.181,34520851137.5,140.328663,1.077335,0.077335,7.733514,1.117001,0.117001
2024-08-02,61415.066406,144.798996,32438516849.785156,131.86389,1.098094,0.098094,9.809438,1.118512,0.118512
2024-08-05,53991.457031,130.899994,28517477732.05078,115.924706,1.129181,0.129181,12.918116,1.120212,0.120212
2024-08-06,56034.316406,136.921005,29596485411.035156,120.310916,1.13806,0.13806,13.80597,1.122807,0.122807
2024-08-07,55027.460938,124.684998,29064679455.273438,118.149103,1.055319,0.055319,5.531903,1.120413,0.120413
2024-08-08,61710.136719,135.990005,32594368562.79297,132.497433,1.02636,0.02636,2.635955,1.117409,0.117409
2024-08-09,60880.113281,135.369995,32155962633.45703,130.715295,1.035609,0.035609,3.560945,1.113488,0.113488
2024-08-12,59354.515625,131.460007,31350164835.390625,127.439694,1.031547,0.031547,3.154678,1.11242,0.11242
2024-08-13,60609.566406,135.380005,32013063832.285156,130.134406,1.040309,0.040309,4.030909,1.113357,0.113357
2024-08-14,58737.269531,130.369995,31024144707.36328,126.114409,1.033744,0.033744,3.374385,1.114773,0.114773
2024-08-15,57560.097656,131.929993,30402380180.566406,123.586911,1.067508,0.067508,6.750781,1.116763,0.116763
2024-08-16,58894.105469,133.039993,31106983097.01172,126.451151,1.052106,0.052106,5.210583,1.116715,0.116715
2024-08-19,59493.453125,135.350006,31423549538.828125,127.738006,1.059591,0.059591,5.959072,1.116701,0.116701
2024-08-20,59012.792969,133.690002,31169672054.19922,126.705984,1.05512,0.05512,5.511988,1.117033,0.117033
2024-08-21,61175.191406,141.419998,32311818472.910156,131.348856,1.076675,0.076675,7.667476,1.117816,0.117816
2024-08-22,60381.914062,133.809998,31892821279.101562,129.645615,1.032121,0.032121,3.212128,1.11544,0.11544
2024-08-23,64094.355469,150.009995,33853677143.26172,137.616574,1.090058,0.090058,9.005762,1.114323,0.114323
2024-08-26,62880.660156,146.899994,33212621484.628906,135.010656,1.088062,0.088062,8.806222,1.11203,0.11203
2024-08-27,59504.132812,140.009995,31429190389.570312,127.760937,1.095875,0.095875,9.587483,1.108868,0.108868
2024-08-28,59027.625,132.089996,31177506110.625,126.73783,1.04223,0.04223,4.223022,1.105111,0.105111
2024-08-29,59388.179688,132.559998,31367945688.242188,127.511974,1.039589,0.039589,3.958862,1.102024,0.102024
2024-08-30,59119.476562,132.419998,31226020728.164062,126.935044,1.043211,0.043211,4.321072,1.095408,0.095408
2024-09-03,57431.023438,122.32,30334205114.335938,123.309777,0.991973,-0.008027,-0.802675,1.087125,0.087125
2024-09-04,57971.539062,124.849998,30619697359.726562,124.470314,1.00305,0.00305,0.30504,1.080015,0.080015
2024-09-05,56160.488281,119.57,29663127502.83203,120.581819,0.991609,-0.008391,-0.839114,1.073345,0.073345
2024-09-06,53948.753906,114.300003,28494922581.972656,115.833019,0.986765,-0.013235,-1.32347,1.068321,0.068321
2024-09-09,57019.535156,124.82,30116863176.503906,122.426273,1.019552,0.019552,1.955239,1.062238,0.062238
2024-09-10,57648.710938,129.639999,30449184386.523438,123.777172,1.047366,0.047366,4.736598,1.058005,0.058005
2024-09-11,57343.171875,129.279999,30287803236.796875,123.121151,1.050023,0.050023,5.002266,1.055389,0.055389
2024-09-12,58127.011719,130.770004,30701815684.66797,124.804129,1.047802,0.047802,4.780191,1.051528,0.051528
2024-09-13,60571.300781,141.470001,31992852503.14453,130.052246,1.087794,0.087794,8.77936,1.051877,0.051877
2024-09-16,58192.507812,134.529999,30736409738.945312,124.944755,1.076716,0.076716,7.671586,1.051164,0.051164
2024-09-17,60308.539062,131.270004,31854065704.726562,129.488072,1.013761,0.013761,1.376136,1.047317,0.047317
2024-09-18,61649.679688,132.669998,32562436065.742188,132.367626,1.002284,0.002284,0.228433,1.042791,0.042791
2024-09-19,62940.457031,144.660004,33244205297.05078,135.139046,1.070453,0.070453,7.045305,1.043295,0.043295
2024-09-20,63192.976562,144.779999,33377582325.664062,135.681229,1.06706,0.06706,6.70599,1.044652,0.044652
2024-09-23,63329.800781,149.970001,33449850825.64453,135.975003,1.102923,0.102923,10.292331,1.046896,0.046896
2024-09-24,64301.96875,153.880005,33963335364.218754,138.062339,1.114569,0.114569,11.456901,1.049663,0.049663
2024-09-25,63143.144531,151.940002,33351261794.23828,135.574235,1.120714,0.120714,12.071444,1.052343,0.052343
2024-09-26,65181.019531,165.979996,34427636801.11328,139.949743,1.185997,0.185997,18.599714,1.057419,0.057419
2024-09-27,65790.664062,176.220001,34749641897.85156,141.258707,1.247498,0.247498,24.749833,1.063418,0.063418
2024-09-30,63329.5,168.600006,33449691957.5,135.974358,1.23994,0.23994,23.993971,1.069679,0.069679
2024-10-01,60837.007812,162.690002,32133194971.445312,130.622744,1.245495,0.245495,24.549522,1.075876,0.075876
2024-10-02,60632.785156,164.639999,32025327627.753906,130.184259,1.264669,0.264669,26.466902,1.082861,0.082861
2024-10-03,60759.402344,163.410004,32092204926.933594,130.456118,1.252605,0.252605,25.260514,1.088726,0.088726
2024-10-04,62067.476562,176.509995,32783110108.164062,133.264675,1.324507,0.324507,32.450699,1.098472,0.098472
2024-10-07,62236.660156,186.089996,32872470344.628906,133.627928,1.392598,0.392598,39.259808,1.108556,0.108556
2024-10-08,62131.96875,192.199997,32817173914.218754,133.403146,1.440746,0.440746,44.074561,1.120313,0.120313
2024-10-09,60582.101562,188.910004,31998557313.789062,130.075436,1.452311,0.452311,45.231113,1.132194,0.132194
2024-10-10,60274.5,183.339996,31836086782.5,129.414987,1.416683,0.416683,41.668288,1.144675,0.144675
2024-10-11,62445.089844,212.589996,32982559779.121094,134.075446,1.5856,0.5856,58.559977,1.162876,0.162876
2024-10-14,66046.125,201.669998,34884572533.125,141.807205,1.422142,0.422142,42.214211,1.175507,0.175507
2024-10-15,67041.109375,194.309998,35410108355.234375,143.94353,1.349904,0.349904,34.990435,1.187438,0.187438
2024-10-16,67612.71875,194.089996,35712023852.96875,145.170829,1.336977,0.336977,33.697657,1.198569,0.198569
2024-10-17,67399.835938,193.419998,35599582344.64844,144.713749,1.33657,0.33657,33.65696,1.210067,0.210067
2024-10-18,68418.789062,215.860001,36137778100.97656,146.901537,1.46942,0.46942,46.941962,1.226156,0.226156
2024-10-21,67367.851562,219.050003,35582688677.53906,144.645076,1.514397,0.514397,51.439654,1.242651,0.242651
2024-10-22,67361.40625,219.699997,35579284360.15625,144.631237,1.519036,0.519036,51.903559,1.258373,0.258373
2024-10-23,66432.195312,213.949997,35088489081.13281,142.636134,1.499971,0.499971,49.997052,1.273371,0.273371
2024-10-24,68161.054688,235.889999,36001646670.11719,146.348157,1.611841,0.611841,61.184127,1.292173,0.292173
2024-10-25,66642.414062,234.339996,35199523471.60156,143.087494,1.637739,0.637739,63.773919,1.310504,0.310504
2024-10-28,69907.757812,255.339996,36924229060.19531,150.098492,1.70115,0.70115,70.114964,1.331319,0.331319
2024-10-29,72720.492188,258.23999,38409873166.05469,156.137696,1.653925,0.653925,65.392469,1.352657,0.352657
2024-10-30,72339.539062,247.309998,38208659439.72656,155.319754,1.592264,0.592264,59.226365,1.372323,0.372323
2024-10-31,70215.1875,244.5,37086608809.68751,150.758572,1.621798,0.621798,62.179832,1.390702,0.390702
2024-11-01,69482.46875,229.710007,36699597756.71875,149.185357,1.539762,0.539762,53.976243,1.406458,0.406458
2024-11-04,67811.507812,222.990005,35817021253.94531,145.597647,1.53155,0.53155,53.154951,1.420746,0.420746
2024-11-05,69359.5625,227.800003,36634680519.06249,148.921466,1.529665,0.529665,52.966533,1.434582,0.434582
2024-11-06,75639.078125,257.809998,39951426479.453125,162.404173,1.587459,0.587459,58.74592,1.450141,0.450141
2024-11-07,75904.859375,270.809998,40091808148.984375,162.97483,1.661668,0.661668,66.166762,1.465996,0.465996
2024-11-08,76545.476562,270.420013,40430172538.16406,164.350295,1.645388,0.645388,64.538806,1.479259,0.479259
2024-11-11,88701.484375,340.0,46850793524.609375,190.45038,1.785242,0.785242,78.524191,1.497436,0.497436
2024-11-12,87955.8125,356.589996,46456940825.31249,188.849353,1.888225,0.888225,88.822461,1.51886,0.51886
2024-11-13,90584.164062,328.380005,47845196695.35156,194.492669,1.688393,0.688393,68.839271,1.532984,0.532984
2024-11-14,87250.429688,327.670013,46084368204.49219,187.33483,1.749114,0.749114,74.911421,1.549535,0.549535
2024-11-15,91066.007812,340.649994,48099699336.44531,195.527233,1.742213,0.742213,74.221252,1.563458,0.563458
2024-11-18,90542.640625,384.790009,47823264638.515625,194.403515,1.979337,0.979337,97.933669,1.583016,0.583016
2024-11-19,92343.789062,430.540009,48774604225.97656,198.270749,2.171475,1.171475,117.147517,1.607374,0.607374
2024-11-20,94339.492188,473.829987,49828704681.05469,202.55571,2.339258,1.339258,133.925761,1.636939,0.636939
2024-11-21,98504.726562,397.279999,52028718999.41406,211.498858,1.878403,0.878403,87.840257,1.652329,0.652329
2024-11-22,98997.664062,421.880005,52289081192.85156,212.557241,1.984783,0.984783,98.478303,1.665635,0.665635
2024-11-25,93102.296875,403.450012,49175236674.921875,199.899336,2.018266,1.018266,101.826589,1.685506,0.685506
2024-11-26,91985.320312,353.690002,48585266409.25781,197.501083,1.790826,0.790826,79.082564,1.700204,0.700204
2024-11-27,95962.53125,388.839996,50685969568.28125,206.040527,1.887202,0.887202,88.720153,1.718544,0.718544
2024-11-29,97461.523438,387.470001,51477714756.83594,209.259003,1.851629,0.851629,85.162882,1.735713,0.735713
2024-12-02,95865.304688,380.299988,50634615956.36719,205.831772,1.847625,0.847625,84.762529,1.74832,0.74832
2024-12-03,96002.164062,373.429993,50706903025.35156,206.125622,1.811662,0.811662,81.166217,1.758229,0.758229
2024-12-04,98768.53125,406.0,52168056678.28125,212.065271,1.914505,0.914505,91.45049,1.771411,0.771411
2024-12-05,96593.570312,386.399994,51019274935.50781,207.395427,1.863108,0.863108,86.310759,1.783516,0.783516
2024-12-06,99920.710938,395.01001,52776620706.52344,214.539109,1.841203,0.841203,84.120281,1.791161,0.791161
2024-12-09,97432.71875,365.339996,51462500552.96875,209.197157,1.746391,0.746391,74.639083,1.794783,0.794783
2024-12-10,96675.429688,377.320007,51062511829.49219,207.571186,1.817786,0.817786,81.778605,1.798671,0.798671
2024-12-11,101173.03125,411.399994,53438077510.78125,217.227957,1.893863,0.893863,89.386301,1.806669,0.806669
2024-12-12,100043.0,392.190002,52841211955.0,214.801675,1.825824,0.825824,82.582377,1.814454,0.814454
2024-12-13,101459.257812,408.670013,53589258087.69531,217.842513,1.875988,0.875988,87.598834,1.822927,0.822927
2024-12-16,106029.71875,408.5,56003306997.96875,227.65572,1.794376,0.794376,79.437618,1.831414,0.831414
2024-12-17,106140.601562,386.420013,56061873636.28906,227.893795,1.695614,0.695614,69.561445,1.836883,0.836883
2024-12-18,100041.539062,349.640015,52840440309.72656,214.798538,1.627758,0.627758,62.775789,1.840153,0.840153
2024-12-19,97490.953125,326.459991,51493259076.328125,209.322191,1.559605,0.559605,55.960526,1.839224,0.839224
2024-12-20,97755.929688,364.200012,51633215721.99219,209.891121,1.735185,0.735185,73.518542,1.841675,0.841675
2024-12-23,94686.242188,332.230011,50011852829.80469,203.300215,1.634184,0.634184,63.418426,1.841301,0.841301
2024-12-24,98676.09375,358.179993,52119232577.34375,211.866799,1.69059,0.69059,69.059048,1.838146,0.838146
2024-12-26,95795.515625,341.049988,50597754420.390625,205.681929,1.658143,0.658143,65.81427,1.830477,0.830477
2024-12-27,94164.859375,330.0,49736466248.984375,202.180757,1.632203,0.632203,63.220281,1.828604,0.828604
2024-12-30,92643.210938,302.959991,48932754369.02344,198.913636,1.523073,0.523073,52.307302,1.821069,0.821069
2024-12-31,93429.203125,289.619995,49347903652.578125,200.601234,1.44376,0.44376,44.375979,1.811121,0.811121
2025-01-02,96886.875,300.01001,51174194071.875,208.025179,1.442181,0.442181,44.218123,1.793216,0.793216
2025-01-03,98107.429688,339.660004,51818872749.49219,210.645824,1.61247,0.61247,61.246967,1.774582,0.774582
2025-01-06,102078.085938,379.089996,53916113820.89844,219.171194,1.729652,0.729652,72.965246,1.754262,0.754262
2025-01-07,96922.703125,341.429993,51193117950.078125,208.102105,1.640685,0.640685,64.068495,1.746338,0.746338
2025-01-08,95043.523438,331.700012,50200563426.83594,204.067331,1.625444,0.625444,62.544397,1.73436,0.73436
2025-01-10,94701.453125,327.910004,50019887018.828125,203.332874,1.612676,0.612676,61.267579,1.72084,0.72084
2025-01-13,94516.523438,328.399994,49922209931.83594,202.935813,1.618246,0.618246,61.824564,1.715088,0.715088
2025-01-14,96534.046875,342.170013,50987835548.671875,207.267624,1.650861,0.650861,65.086088,1.70721,0.70721
2025-01-15,100504.492188,360.619995,53084965206.05469,215.792541,1.671142,0.671142,67.114207,1.701193,0.701193
2025-01-16,99756.90625,367.0,52690101527.65625,214.187405,1.713453,0.713453,71.345276,1.696721,0.696721
2025-01-17,104462.039062,396.5,55175282102.22656,224.289765,1.767802,0.767802,76.780247,1.695259,0.695259
2025-01-21,106146.265625,389.100006,56064865309.140625,227.905957,1.707283,0.707283,70.728318,1.688352,0.688352
2025-01-22,103653.070312,377.309998,54747996943.00781,222.552833,1.695373,0.695373,69.53727,1.68276,0.68276
2025-01-23,103960.171875,373.119995,54910203381.796875,223.212209,1.671593,0.671593,67.159313,1.677107,0.677107
2025-01-24,104819.484375,353.670013,55364079354.609375,225.057233,1.571467,0.571467,57.146699,1.671276,0.671276
2025-01-27,102087.6875,347.920013,53921185222.18751,219.19181,1.587286,0.587286,58.728565,1.663593,0.663593
2025-01-28,101332.476562,335.929993,53522294133.16406,217.570301,1.544007,0.544007,54.400665,1.651931,0.651931
2025-01-29,103703.210938,341.25,54774480469.02344,222.66049,1.532602,0.532602,53.26024,1.642157,0.642157
2025-01-30,104735.304688,340.089996,55319616906.36719,224.876491,1.512341,0.512341,51.234126,1.630035,0.630035
2025-01-31,102405.023438,334.790009,54088797304.33594,219.87316,1.522651,0.522651,52.265064,1.620978,0.620978
2025-02-03,101405.421875,347.089996,53560822753.046875,217.726922,1.594153,0.594153,59.415287,1.617596,0.617596
2025-02-04,97871.820312,348.309998,51694427411.75781,210.139949,1.657514,0.657514,65.751443,1.618588,0.618588
2025-02-05,96615.445312,336.700012,51030828982.38281,207.442394,1.623101,0.623101,62.310126,1.620704,0.620704
2025-02-06,96593.296875,325.459991,51019130509.921875,207.394839,1.569277,0.569277,56.927719,1.615174,0.615174
2025-02-07,96529.085938,327.559998,50985215255.89844,207.256973,1.580453,0.580453,58.045345,1.613383,0.613383
2025-02-10,97437.554688,334.619995,51465054822.61719,209.20754,1.599464,0.599464,59.946432,1.610345,0.610345
2025-02-11,95747.429688,319.459991,50572356149.49219,205.578684,1.553955,0.553955,55.395485,1.606872,0.606872
2025-02-12,97885.859375,326.820007,51701842633.984375,210.170092,1.555026,0.555026,55.502624,1.6043,0.6043
2025-02-13,96623.867188,324.920013,51035277290.42969,207.460477,1.566178,0.566178,56.61779,1.605737,0.605737
2025-02-14,97508.96875,337.730011,51502774659.21875,209.360873,1.613148,0.613148,61.31477,1.611383,0.611383
2025-02-18,95539.546875,333.970001,50462555566.171875,205.13234,1.628071,0.628071,62.807094,1.617579,0.617579
2025-02-19,96635.609375,318.670013,51041479337.734375,207.485688,1.535865,0.535865,53.586503,1.615026,0.615026
2025-02-20,98333.9375,323.920013,51938510778.43751,211.132158,1.534205,0.534205,53.420501,1.608511,0.608511
2025-02-21,96125.546875,299.690002,50772071976.171875,206.390536,1.452053,0.452053,45.205302,1.602223,0.602223
2025-02-24,91418.171875,282.76001,48285707111.796875,196.283362,1.44057,0.44057,44.057044,1.596061,0.596061
2025-02-25,88736.171875,250.509995,46869114941.796875,190.524857,1.314842,0.314842,31.484153,1.586133,0.586133
2025-02-26,84347.023438,263.269989,44550832574.33594,181.100945,1.45372,0.45372,45.371957,1.580649,0.580649
2025-02-27,84704.226562,240.050003,44739501906.91406,181.867894,1.319914,0.319914,31.991413,1.569617,0.569617
2025-02-28,84373.007812,255.429993,44564557131.44531,181.156736,1.409994,0.409994,40.999445,1.560912,0.560912
2025-03-03,86065.671875,250.919998,45458596899.296875,184.791044,1.357858,0.357858,35.7858,1.549059,0.549059
2025-03-04,87222.195312,275.149994,46069455231.13281,187.274208,1.469236,0.469236,46.923592,1.539107,0.539107
2025-03-05,90623.5625,308.549988,47866006359.06249,194.577262,1.585745,0.585745,58.574535,1.535055,0.535055
2025-03-06,89961.726562,304.109985,47516434544.41406,193.156238,1.574425,0.574425,57.442487,1.531024,0.531024
2025-03-07,86742.671875,287.179993,45816178144.296875,186.244627,1.54195,0.54195,54.195049,1.526702,0.526702
2025-03-10,78532.0,239.270004,41479424420.0,168.615546,1.419027,0.419027,41.902695,1.521621,0.521621
2025-03-11,82862.210938,260.589996,43766576884.02344,177.912914,1.464705,0.464705,46.470535,1.517535,0.517535
2025-03-12,83722.359375,262.549988,44220894386.484375,179.759733,1.460561,0.460561,46.056062,1.514754,0.514754
2025-03-13,81066.703125,263.26001,42818216590.078125,174.057791,1.512486,0.512486,51.248622,1.514083,0.514083
2025-03-14,83969.101562,297.48999,44351219908.78906,180.289512,1.650068,0.650068,65.00682,1.518674,0.518674
2025-03-17,84075.6875,294.269989,44407517002.18751,180.518362,1.630139,0.630139,63.013882,1.522257,0.522257
2025-03-18,82718.5,283.190002,43690670922.5,177.604353,1.594499,0.594499,59.449922,1.522268,0.522268
2025-03-19,86854.226562,304.230011,45875099656.91406,186.484145,1.631399,0.631399,63.13988,1.521398,0.521398
2025-03-20,84167.195312,302.070007,44455850056.13281,180.714838,1.671529,0.671529,67.152853,1.523012,0.523012
2025-03-21,84043.242188,304.0,44390379874.80469,180.448699,1.684689,0.684689,68.468935,1.526859,0.526859
2025-03-24,87498.914062,335.720001,46215613924.10156,187.868349,1.786996,0.786996,78.699607,1.533744,0.533744
2025-03-25,87471.703125,341.809998,46201241515.078125,187.809925,1.819978,0.819978,81.997835,1.541094,0.541094
2025-03-26,86900.882812,329.309998,45899742788.32031,186.58432,1.764939,0.764939,76.493929,1.548127,0.548127
2025-03-27,87177.101562,324.589996,46045637388.78906,187.177388,1.73413,0.73413,73.413039,1.554097,0.554097
2025-03-28,84353.148438,289.410004,44554067707.46094,181.114096,1.597943,0.597943,59.794301,1.555156,0.555156
2025-03-31,82548.914062,288.269989,43601098174.10156,177.240236,1.626436,0.626436,62.64365,1.555599,0.555599
2025-04-01,85169.171875,306.019989,44985079046.796875,182.866175,1.673464,0.673464,67.346416,1.557112,0.557112
2025-04-02,82485.710938,312.540009,43567715231.52344,177.104533,1.764721,0.764721,76.472054,1.564741,0.564741
2025-04-03,83102.828125,282.279999,43893667273.203125,178.429542,1.582025,0.582025,58.202502,1.566335,0.566335
2025-04-04,83843.804688,293.609985,44285039978.86719,180.020488,1.630981,0.630981,63.098095,1.572299,0.572299
2025-04-07,79235.335938,268.140015,41850915912.14844,170.125674,1.576129,0.576129,57.612903,1.576818,0.576818
2025-04-08,76271.953125,237.949997,40285701561.328125,163.763014,1.453014,0.453014,45.301427,1.581423,0.581423
2025-04-09,82573.953125,296.859985,43614323431.328125,177.293998,1.674394,0.674394,67.439388,1.588779,0.588779
2025-04-10,79626.140625,272.339996,42057333086.015625,170.964769,1.59296,0.59296,59.295976,1.597881,0.597881
2025-04-11,83404.835938,299.980011,44053183269.64844,179.077981,1.675136,0.675136,67.513622,1.606719,0.606719
2025-04-14,84542.390625,311.450012,44654022592.265625,181.520417,1.715785,0.715785,71.578502,1.61865,0.61865
2025-04-15,83668.992188,310.720001,44192706638.55469,179.645149,1.729632,0.729632,72.963202,1.62733,0.62733
2025-04-16,84033.867188,311.660004,44385428140.42969,180.42857,1.727332,0.727332,72.733179,1.632049,0.632049
2025-04-17,84895.75,317.200012,44840661713.75,182.279113,1.740188,0.740188,74.018848,1.637575,0.637575
2025-04-21,87518.90625,317.76001,46226173497.65625,187.911274,1.691011,0.691011,69.101088,1.642543,0.642543
2025-04-22,93441.890625,343.029999,49354604999.765625,200.628476,1.709777,0.709777,70.977723,1.652235,0.652235
2025-04-23,93699.109375,345.730011,49490464085.234375,201.180748,1.718504,0.718504,71.850445,1.660695,0.660695
2025-04-24,93943.796875,350.339996,49619704352.421875,201.706115,1.736883,0.736883,73.688337,1.669906,0.669906
2025-04-25,94720.5,368.709991,50029947292.5,203.373769,1.812967,0.812967,81.296729,1.679922,0.679922
2025-04-28,94978.75,369.25,50166351068.75,203.928256,1.810686,0.810686,81.068581,1.685276,0.685276
2025-04-29,94284.789062,381.450012,49799811310.97656,202.438257,1.884278,0.884278,88.427828,1.693747,0.693747
2025-04-30,94207.3125,380.109985,49758889352.81249,202.271908,1.879203,0.879203,87.920305,1.703237,0.703237
2025-05-01,96492.335938,381.600006,50965804457.14844,207.178067,1.841894,0.841894,84.189384,1.710254,0.710254
2025-05-02,96910.070312,394.369995,51186445488.00781,208.074982,1.895326,0.895326,89.532635,1.717713,0.717713
2025-05-05,94748.054688,386.529999,50044501265.11719,203.432932,1.900037,0.900037,90.003651,1.724892,0.724892
2025-05-06,96802.476562,385.600006,51129616083.16406,207.843968,1.855238,0.855238,85.52379,1.727166,0.727166
2025-05-07,97032.320312,392.480011,51251016104.25781,208.337464,1.883867,0.883867,88.38667,1.729296,0.729296
2025-05-08,103241.460938,414.380005,54530591045.27344,221.669069,1.869363,0.869363,86.936322,1.732777,0.732777
2025-05-09,102970.851562,416.029999,54387659232.53906,221.088046,1.881739,0.881739,88.1739,1.737697,0.737697
2025-05-12,102812.953125,404.899994,54304259646.328125,220.749023,1.83421,0.83421,83.420968,1.745573,0.745573
2025-05-13,104169.8125,421.609985,55020932415.31249,223.662327,1.885029,0.885029,88.502906,1.754192,0.754192
2025-05-14,103539.414062,416.75,54687965416.60156,222.308803,1.874645,0.874645,87.464462,1.760898,0.760898
2025-05-15,103744.640625,397.029999,54796363008.515625,222.749443,1.782406,0.782406,78.240625,1.761488,0.761488
2025-05-16,103489.289062,399.799988,54661490143.47656,222.201179,1.79927,0.79927,79.927032,1.76873,0.76873
2025-05-19,105606.179688,413.420013,55779600018.24219,226.746342,1.823271,0.823271,82.327093,1.775139,0.775139
2025-05-20,106791.085938,416.920013,56405449725.89844,229.290446,1.818305,0.818305,81.830521,1.783212,0.783212
2025-05-21,109678.078125,402.690002,57930315694.453125,235.489088,1.710016,0.710016,71.001555,1.791778,0.791778
2025-05-22,111673.28125,399.459991,58984152057.03125,239.772976,1.665993,0.665993,66.599255,1.791498,0.791498
2025-05-23,107287.796875,369.51001,56667804992.421875,230.356931,1.604076,0.604076,60.407594,1.791869,0.791869
2025-05-27,108994.640625,372.200012,57569334258.515625,234.021684,1.590451,0.590451,59.045096,1.789046,0.789046
2025-05-28,107802.328125,364.25,56939572680.703125,231.461678,1.573695,0.573695,57.369463,1.78431,0.78431
2025-05-29,105641.757812,370.630005,55798391850.19531,226.822731,1.634007,0.634007,63.400733,1.781122,0.781122
2025-05-30,103998.570312,369.059998,54930484860.50781,223.294654,1.652794,0.652794,65.27937,1.778638,0.778638
2025-06-02,105881.53125,372.269989,55925036583.28125,227.337547,1.637521,0.637521,63.752092,1.775215,0.775215
2025-06-03,105432.46875,387.429993,55687848506.71875,226.373368,1.711465,0.711465,71.146454,1.775897,0.775897
2025-06-04,104731.984375,378.100006,55317863167.109375,224.869362,1.681421,0.681421,68.142072,1.774952,0.774952
2025-06-05,101575.953125,368.790009,53650894801.328125,218.093068,1.690975,0.690975,69.097538,1.774034,0.774034
2025-06-06,104390.34375,374.470001,55137413713.59375,224.135828,1.670728,0.670728,67.072799,1.771829,0.771829
2025-06-09,110294.101562,392.119995,58255690033.78906,236.811748,1.65583,0.65583,65.582999,1.766591,0.766591
2025-06-10,110257.234375,391.179993,58236217338.359375,236.732591,1.652413,0.652413,65.241292,1.761315,0.761315
2025-06-11,108686.625,387.109985,57406645025.625,233.360346,1.658851,0.658851,65.885075,1.753801,0.753801
2025-06-12,105929.054688,379.76001,55950137750.11719,227.439584,1.669718,0.669718,66.971818,1.746818,0.746818
2025-06-13,106090.96875,382.869995,56035658329.21875,227.787229,1.680823,0.680823,68.082292,1.741449,0.741449
2025-06-16,106796.757812,382.25,56408445525.19531,229.302624,1.667011,0.667011,66.701101,1.733839,0.733839
2025-06-17,104601.117188,375.179993,55248741081.67969,224.588378,1.670523,0.670523,67.052274,1.726188,0.726188
2025-06-18,104883.328125,369.029999,55397800665.703125,225.194312,1.638718,0.638718,63.871812,1.718971,0.718971
2025-06-20,103309.601562,369.700012,54566581901.28906,221.815374,1.666701,0.666701,66.670148,1.711732,0.711732
2025-06-23,105577.773438,367.179993,55764596263.08594,226.685351,1.619778,0.619778,61.977822,1.703413,0.703413
2025-06-24,106045.632812,377.019989,56011712567.07031,227.689888,1.655849,0.655849,65.584863,1.695883,0.695883
2025-06-25,107361.257812,388.670013,56706605957.69531,230.514658,1.686097,0.686097,68.609674,1.690946,0.690946
2025-06-26,106960.0,386.440002,56494667600.0,229.65312,1.682712,0.682712,68.271174,1.684202,0.684202
2025-06-27,107088.429688,383.880005,56562502234.49219,229.928871,1.66956,0.66956,66.955982,1.677366,0.677366
2025-06-30,107135.335938,404.230011,56587277412.14844,230.029583,1.757296,0.757296,75.729576,1.676529,0.676529
2025-07-01,105698.28125,373.299988,55828246682.03125,226.944092,1.644898,0.644898,64.489846,1.671383,0.671383
2025-07-02,108859.320312,402.279999,57497860099.25781,233.731139,1.721123,0.721123,72.112283,1.667978,0.667978
2025-07-03,109647.976562,403.98999,57914416500.66406,235.424457,1.716007,0.716007,71.600689,1.664568,0.664568
2025-07-07,108299.851562,395.670013,57202357097.53906,232.529907,1.701588,0.701588,70.158763,1.664287,0.664287
2025-07-08,108950.273438,396.940002,57545900175.58594,233.926423,1.696858,0.696858,69.685834,1.665316,0.665316
2025-07-09,111326.554688,415.410004,58801016287.61719,239.028521,1.73791,0.73791,73.790977,1.669777,0.669777
2025-07-10,115987.203125,421.73999,61262700882.578125,249.035369,1.693494,0.693494,69.349435,1.673212,0.673212
2025-07-11,117516.992188,434.579987,62070712518.55469,252.31997,1.722337,0.722337,72.233687,1.678167,0.678167
2025-07-14,119849.703125,451.019989,63302815445.078125,257.328518,1.752701,0.752701,75.270115,1.682123,0.682123
2025-07-15,117777.1875,442.309998,62208143779.68751,252.878633,1.7491,0.7491,74.909992,1.685333,0.685333
2025-07-16,118738.507812,455.899994,62715898748.94531,254.942678,1.788245,0.788245,78.82451,1.690358,0.690358
2025-07-17,119289.84375,451.339996,63007106121.09375,256.126448,1.762176,0.762176,76.217646,1.692048,0.692048
2025-07-18,118003.226562,423.220001,62327534221.91406,253.36396,1.670403,0.670403,67.040332,1.691681,0.691681
2025-07-21,117439.539062,426.279999,62029802939.72656,252.15367,1.690556,0.690556,69.055639,1.691667,0.691667
2025-07-22,119995.414062,426.399994,63379777776.60156,257.641373,1.655014,0.655014,65.501367,1.691143,0.691143
2025-07-23,118754.960938,412.670013,62724589042.77344,254.978004,1.618453,0.618453,61.845338,1.689897,0.689897
2025-07-24,118368.0,414.920013,62520202080.0,254.147163,1.632597,0.632597,63.259746,1.689237,0.689237
2025-07-25,117635.882812,405.890015,62133508763.32031,252.575239,1.607006,0.607006,60.700636,1.687508,0.687508
2025-07-28,117924.476562,403.799988,62285939653.16406,253.194877,1.594819,0.594819,59.481895,1.685012,0.685012
2025-07-29,117922.148438,394.660004,62284709972.46094,253.189878,1.558751,0.558751,55.875111,1.680943,0.680943
2025-07-30,117831.1875,395.040009,62236665769.68751,252.994576,1.561456,0.561456,56.145643,1.677424,0.677424
2025-07-31,115758.203125,401.859985,61141746517.578125,248.543685,1.616859,0.616859,61.685856,1.675635,0.675635
2025-08-01,113320.085938,366.630005,59853969590.89844,243.308819,1.50685,0.50685,50.685045,1.67124,0.67124
2025-08-04,115071.882812,389.23999,60779242423.32031,247.070091,1.575423,0.575423,57.542335,1.668197,0.668197
2025-08-05,114141.445312,375.459991,60287799292.38281,245.072355,1.532037,0.532037,53.203731,1.665273,0.665273
2025-08-06,115028.0,383.410004,60756064180.0,246.975871,1.552419,0.552419,55.241888,1.661825,0.661825
2025-08-07,117496.898438,402.01001,62060099301.21094,252.276826,1.593527,0.593527,59.35273,1.658739,0.658739
2025-08-08,116688.726562,395.130005,61633235039.41406,250.541606,1.577103,0.577103,57.710335,1.655219,0.655219
2025-08-11,118731.445312,400.25,62712168442.38281,254.927514,1.570054,0.570054,57.005414,1.651902,0.651902
2025-08-12,120172.90625,394.390015,63473526487.65625,258.022465,1.52851,0.52851,52.851037,1.644276,0.644276
2025-08-13,123344.0625,389.899994,65148483651.56249,264.831234,1.472258,0.472258,47.225834,1.638521,0.638521
2025-08-14,118359.578125,372.940002,62515753771.953125,254.12908,1.467522,0.467522,46.752195,1.630068,0.630068
2025-08-15,117398.351562,366.320007,62008048320.03906,252.065237,1.453275,0.453275,45.32746,1.62131,0.62131
2025-08-18,116252.3125,363.600006,61402727677.81249,249.604584,1.456704,0.456704,45.670404,1.613147,0.613147
2025-08-19,112831.179688,336.570007,59595736643.24219,242.259092,1.389298,0.389298,38.929773,1.602895,0.602895
2025-08-20,114274.742188,344.369995,60358204702.30469,245.358556,1.403538,0.403538,40.353775,1.59175,0.59175
2025-08-21,112419.03125,337.579987,59378046020.78125,241.374171,1.398575,0.398575,39.857544,1.581919,0.581919
2025-08-22,116874.085938,358.130005,61731139080.89844,250.93959,1.427156,0.427156,42.715625,1.57208,0.57208
2025-08-25,110124.351562,343.200012,58166030630.03906,236.447279,1.451486,0.451486,45.148641,1.562039,0.562039
2025-08-26,111802.65625,351.359985,59052485991.40625,240.050756,1.46369,0.46369,46.369039,1.552526,0.552526
2025-08-27,111222.0625,342.059998,58745825081.56249,238.804167,1.432387,0.432387,43.238706,1.540664,0.540664
2025-08-28,112544.804688,338.839996,59444477663.86719,241.644218,1.402227,0.402227,40.222679,1.528665,0.528665
2025-08-29,108410.835938,334.410004,57260977379.64844,232.768201,1.436665,0.436665,43.666533,1.520874,0.520874
2025-09-02,111200.585938,341.619995,58734481483.39844,238.758055,1.430821,0.430821,43.082082,1.512216,0.512216
2025-09-03,111723.210938,330.26001,59010524169.02344,239.88018,1.376771,0.376771,37.677073,1.502941,0.502941
2025-09-04,110723.601562,327.589996,58482545491.28906,237.733925,1.377969,0.377969,37.796907,1.494925,0.494925
2025-09-05,110650.984375,335.869995,58444190182.109375,237.578009,1.413725,0.413725,41.37251,1.487629,0.487629
2025-09-08,112071.429688,329.899994,59194448089.49219,240.627838,1.370997,0.370997,37.099679,1.479762,0.479762
2025-09-09,111530.546875,328.529999,58908761901.171875,239.466512,1.371925,0.371925,37.19246,1.472333,0.472333
2025-09-10,113955.359375,326.450012,60189511491.484375,244.672811,1.334231,0.334231,33.423085,1.464849,0.464849
2025-09-11,115507.539062,326.019989,61009349519.72656,248.005486,1.314568,0.314568,31.456765,1.456619,0.456619
2025-09-12,116101.578125,331.440002,61323112041.953125,249.280943,1.329584,0.329584,32.95842,1.447043,0.447043
2025-09-15,115444.875,327.790009,60976251301.875,247.87094,1.322422,0.322422,32.24221,1.440896,0.440896
2025-09-16,116843.1875,335.089996,61714818989.68751,250.873248,1.335694,0.335694,33.569442,1.432905,0.432905
2025-09-17,116468.507812,329.709991,61516918798.94531,250.068776,1.318477,0.318477,31.847725,1.425786,0.425786
2025-09-18,117137.203125,349.119995,61870113632.578125,251.504527,1.388126,0.388126,38.812609,1.42031,0.42031
2025-09-19,115688.859375,344.75,61105120188.984375,248.394798,1.387912,0.387912,38.791152,1.413456,0.413456
2025-09-22,112748.507812,335.929993,59552070598.94531,242.081588,1.387673,0.387673,38.767263,1.407141,0.407141
2025-09-23,112014.5,327.779999,59164378682.5,240.505604,1.362879,0.362879,36.287884,1.400236,0.400236
2025-09-24,113328.632812,323.309998,59858483922.07031,243.32717,1.328705,0.328705,32.870488,1.393575,0.393575
2025-09-25,109049.289062,300.700012,57598198743.47656,234.139019,1.28428,0.28428,28.42798,1.387309,0.387309
2025-09-26,109712.828125,309.059998,57948670123.203125,235.5637,1.312002,0.312002,31.20018,1.382125,0.382125
2025-09-29,114400.382812,326.420013,60424566195.82031,245.628318,1.328918,0.328918,32.891849,1.37798,0.37798
2025-09-30,114056.085938,322.209991,60242713750.89844,244.88908,1.315739,0.315739,31.57385,1.373281,0.373281
2025-10-01,118648.929688,338.410004,62668584926.99219,254.750345,1.328399,0.328399,32.839861,1.371251,0.371251
2025-10-02,120681.257812,352.329987,63742030157.69531,259.113944,1.359749,0.359749,35.974923,1.369792,0.369792
2025-10-03,122266.53125,351.630005,64579347808.28125,262.517674,1.339453,0.339453,33.945269,1.367821,0.367821
2025-10-06,124752.53125,359.690002,65892415718.28125,267.855348,1.342852,0.342852,34.285167,1.365011,0.365011
2025-10-07,121451.382812,328.399994,64148798630.82031,260.767474,1.259359,0.259359,25.935949,1.358607,0.358607
2025-10-08,123354.867188,330.799988,65154190525.42969,264.854433,1.248988,0.248988,24.898792,1.35145,0.35145
2025-10-09,121705.585938,320.290009,64283064908.39844,261.313272,1.225694,0.225694,22.569361,1.34456,0.34456
2025-10-10,113214.367188,304.790009,59798130532.92969,243.081831,1.253858,0.253858,25.385763,1.339614,0.339614
2025-10-13,115271.078125,315.470001,60884454399.453125,247.497782,1.274638,0.274638,27.463769,1.334213,0.334213
2025-10-14,113118.664062,300.670013,59747581577.85156,242.876348,1.237955,0.237955,23.79551,1.327785,0.327785
2025-10-15,110783.164062,296.76001,58514005510.35156,237.861811,1.247615,0.247615,24.76152,1.323479,0.323479
2025-10-16,108186.039062,283.839996,57142243042.22656,232.285541,1.221944,0.221944,22.194432,1.318279,0.318279
2025-10-17,106467.789062,289.869995,56234689165.97656,228.596297,1.268043,0.268043,26.804326,1.313423,0.313423
2025-10-20,110588.929688,296.609985,58411413826.99219,237.444772,1.249175,0.249175,24.917463,1.309362,0.309362
2025-10-21,108476.890625,301.910004,57295866474.765625,232.910026,1.296252,0.296252,29.625164,1.306839,0.306839
2025-10-22,107688.585938,280.809998,56879495763.39844,231.217462,1.214484,0.214484,21.448438,1.302848,0.302848
2025-10-23,110069.726562,284.920013,58137178524.41406,236.329994,1.205602,0.205602,20.560242,1.299216,0.299216
2025-10-24,111033.921875,289.079987,58646452025.546875,238.400211,1.212583,0.212583,21.258276,1.295316,0.295316
2025-10-27,114119.328125,295.630005,60276117325.703125,245.024867,1.206531,0.206531,20.653062,1.291453,0.291453
2025-10-28,112956.164062,284.640015,59661751515.35156,242.527445,1.17364,0.17364,17.364043,1.286051,0.286051
2025-10-29,110055.304688,275.359985,58129561106.36719,236.299029,1.165303,0.165303,16.530308,1.280945,0.280945
2025-10-30,108305.546875,254.570007,57205365276.171875,232.542135,1.094726,0.094726,9.472637,1.271165,0.271165
2025-10-31,109556.164062,269.51001,57865922515.35156,235.227327,1.145743,0.145743,14.574277,1.263093,0.263093
2025-11-03,106547.523438,264.670013,56276803666.83594,228.767495,1.156939,0.156939,15.69389,1.255402,0.255402
2025-11-04,101590.523438,246.990005,53658590621.83594,218.124352,1.132336,0.132336,13.233577,1.247717,0.247717
2025-11-05,103891.835938,255.0,54874109364.64844,223.065485,1.143162,0.143162,14.316206,1.241532,0.241532
2025-11-06,101301.289062,237.199997,53505821363.47656,217.503339,1.090558,0.090558,9.055796,1.235075,0.235075
2025-11-07,103372.40625,241.929993,54599754395.15625,221.950221,1.090019,0.090019,9.001916,1.227675,0.227675
2025-11-10,105996.59375,238.880005,55985810869.84375,227.584597,1.049632,0.049632,4.963169,1.218366,0.218366
2025-11-11,102997.46875,231.350006,54401718031.71875,221.145195,1.046145,0.046145,4.61453,1.209379,0.209379
2025-11-12,101663.1875,224.610001,53696970689.68751,218.280369,1.028998,0.028998,2.899772,1.199399,0.199399
2025-11-13,99697.492188,208.539993,52658719911.05469,214.059837,0.974214,-0.025786,-2.578645,1.186548,0.186548
2025-11-14,94397.789062,199.75,49859496215.97656,202.680879,0.985539,-0.014461,-1.446056,1.174751,0.174751
2025-11-17,92093.875,195.419998,48642603366.875,197.73416,0.988297,-0.011703,-1.17034,1.162932,0.162932
2025-11-18,92948.875,206.800003,49094201541.875,199.569925,1.036228,0.036228,3.622829,1.155495,0.155495
2025-11-19,91465.992188,186.5,48310965083.55469,196.386037,0.94966,-0.05034,-5.033982,1.145517,0.145517
2025-11-20,86631.898438,177.130005,45757669276.21094,186.006786,0.952277,-0.047723,-4.772289,1.136403,0.136403
2025-11-21,85090.6875,170.5,44943624777.18751,182.697662,0.933236,-0.066764,-6.676419,1.125716,0.125716
2025-11-24,88270.5625,179.039993,46623187054.06249,189.525151,0.944677,-0.055323,-5.53233,1.114717,0.114717
2025-11-25,87341.890625,172.190002,46132676499.765625,187.531205,0.918194,-0.081806,-8.180613,1.104058,0.104058
2025-11-26,90518.367188,175.639999,47810443772.92969,194.351397,0.903724,-0.096276,-9.627612,1.092595,0.092595
2025-11-28,90919.265625,177.179993,48022192314.140625,195.212164,0.907628,-0.092372,-9.237217,1.082118,0.082118
2025-12-01,86321.570312,171.419998,45593758615.50781,185.340482,0.924892,-0.075108,-7.510763,1.07068,0.07068
2025-12-02,91350.203125,181.330002,48249807037.578125,196.137427,0.924505,-0.075495,-7.549515,1.059857,0.059857
2025-12-03,93527.804688,188.389999,49399983518.86719,200.812941,0.938137,-0.061863,-6.186325,1.04792,0.04792
2025-12-04,92141.625,186.009995,48667824200.625,197.836684,0.94022,-0.05978,-5.978006,1.038778,0.038778
2025-12-05,89387.757812,178.990005,47213272860.19531,191.923873,0.932609,-0.067391,-6.739062,1.029678,0.029678
2025-12-08,90640.203125,183.690002,47874795687.578125,194.612991,0.943873,-0.056127,-5.612672,1.020721,0.020721
2025-12-09,92691.710938,188.990005,48958371341.52344,199.01777,0.949614,-0.050386,-5.038628,1.012157,0.012157
2025-12-10,92020.945312,184.639999,48604082999.88281,197.577573,0.934519,-0.065481,-6.548098,1.004187,0.004187
2025-12-11,92511.335938,183.300003,48863099972.14844,198.630488,0.922819,-0.077181,-7.718092,0.996104,-0.003896
2025-12-12,90270.414062,176.449997,47679478651.60156,193.819019,0.910385,-0.089615,-8.961464,0.989959,-0.010041
2025-12-15,86419.78125,162.080002,45645632159.53125,185.55135,0.873505,-0.126495,-12.649516,0.980885,-0.019115
2025-12-16,87843.984375,167.5,46397874887.109375,188.609248,0.888079,-0.111921,-11.192053,0.971923,-0.028077
2025-12-17,86143.757812,160.380005,45499840720.19531,184.958702,0.867113,-0.132887,-13.288749,0.963082,-0.036918
2025-12-18,85462.507812,158.240005,45140014688.94531,183.495995,0.862362,-0.137638,-13.763782,0.953722,-0.046278
2025-12-19,88103.382812,164.820007,46534885250.82031,189.1662,0.871297,-0.128703,-12.870266,0.946413,-0.053587
2025-12-22,88490.015625,164.320007,46739098902.890625,189.996337,0.864859,-0.135141,-13.514118,0.938908,-0.061092
2025-12-23,87414.0,157.880005,46170763590.0,187.686031,0.841192,-0.158808,-15.880791,0.93196,-0.06804
2025-12-24,87611.960938,158.710007,46275323587.77344,188.111071,0.843704,-0.156296,-15.62963,0.925212,-0.074788
2025-12-26,87301.429688,158.809998,46111305639.49219,187.444332,0.847238,-0.152762,-15.27618,0.919153,-0.080847
2025-12-29,87138.140625,155.389999,46025058806.015625,187.093735,0.830546,-0.169454,-16.945375,0.914364,-0.085636
2025-12-30,88430.132812,155.610001,46707469699.57031,189.867763,0.81957,-0.18043,-18.042959,0.908832,-0.091168
2025-12-31,87508.828125,151.949997,46220850383.203125,187.889636,0.808719,-0.191281,-19.128058,0.902846,-0.097154
2026-01-02,89944.695312,157.160004,47507438893.63281,193.11967,0.813796,-0.186204,-18.620406,0.895432,-0.104568
2026-01-05,93882.554688,164.720001,49587357147.61719,201.574623,0.817166,-0.182834,-18.283364,0.891015,-0.108985
2026-01-06,93729.03125,157.970001,49506268370.78125,201.244993,0.784964,-0.215036,-21.503637,0.885438,-0.114562
2026-01-07,91308.054688,161.830002,48227544865.11719,196.04693,0.825466,-0.174534,-17.453438,0.881846,-0.118154
2026-01-08,91027.125,166.970001,48079162018.125,195.443748,0.854312,-0.145688,-14.568768,0.878834,-0.121166
2026-01-09,90513.101562,157.330002,47807662548.78906,194.340092,0.80956,-0.19044,-19.043981,0.875212,-0.124788
2026-01-12,91192.992188,162.229996,48166770578.55469,195.79988,0.82855,-0.17145,-17.144998,0.872707,-0.127293
2026-01-13,95321.78125,172.990005,50347535029.53125,204.664777,0.845236,-0.154764,-15.476415,0.870627,-0.129373
2026-01-14,96929.328125,179.330002,51196617175.703125,208.11633,0.861682,-0.138318,-13.831845,0.86852,-0.13148
2026-01-15,95551.1875,170.910004,50468703969.68751,205.157333,0.833068,-0.166932,-16.693203,0.865472,-0.134528
2026-01-16,95525.117188,173.710007,50454934021.67969,205.101358,0.846947,-0.153053,-15.305287,0.862432,-0.137568
2026-01-20,88310.90625,160.229996,46644496017.65625,189.611772,0.845042,-0.154958,-15.495756,0.85926,-0.14074
2026-01-21,89376.960938,163.809998,47207570112.77344,191.900692,0.853619,-0.146381,-14.638141,0.856627,-0.143373
2026-01-22,89462.453125,160.979996,47252725803.828125,192.084251,0.83807,-0.16193,-16.193027,0.8531,-0.1469
2026-01-23,89503.875,163.110001,47274604216.875,192.173188,0.848766,-0.151234,-15.123435,0.849738,-0.150262
2026-01-26,88267.140625,160.580002,46621379671.015625,189.517804,0.847308,-0.152692,-15.269173,0.846831,-0.153169
2026-01-27,89102.570312,161.580002,47062641100.50781,191.311549,0.844591,-0.155409,-15.540906,0.844224,-0.155776
2026-01-28,89184.570312,158.449997,47105952270.50781,191.487611,0.827469,-0.172531,-17.253134,0.84146,-0.15854
2026-01-29,84561.585938,143.190002,44664161268.39844,181.561631,0.788658,-0.211342,-21.134217,0.838632,-0.161368
2026-01-30,84128.65625,149.710007,44435494301.40625,180.632091,0.828812,-0.171188,-17.118821,0.836656,-0.163344
2026-02-02,78688.765625,139.630005,41562225671.640625,168.952137,0.826447,-0.173553,-17.355289,0.835301,-0.164699
2026-02-03,75633.546875,133.259995,39948504956.171875,162.392297,0.820605,-0.179395,-17.939461,0.833909,-0.166091
2026-02-04,73019.703125,129.089996,38567911895.078125,156.78013,0.823382,-0.176618,-17.661762,0.832311,-0.167689
2026-02-05,62702.097656,106.989998,33118307450.566406,134.627266,0.794713,-0.205287,-20.52873,0.829973,-0.170027
2026-02-06,70555.390625,134.929993,37266298997.265625,151.48902,0.890692,-0.109308,-10.930843,0.831623,-0.168377
2026-02-09,70120.78125,138.440002,37036744844.53125,150.555873,0.919526,-0.080474,-8.047425,0.834151,-0.165849
2026-02-10,68793.960938,133.0,36335938257.77344,147.707066,0.900431,-0.099569,-9.956914,0.835924,-0.164076
2026-02-11,66991.96875,126.07,35384153014.21875,143.83802,0.876472,-0.123528,-12.352798,0.837455,-0.162545
2026-02-12,66221.84375,123.0,34977384541.09375,142.18449,0.865073,-0.134927,-13.492674,0.838971,-0.161029
2026-02-13,68857.84375,133.880005,36369680201.09375,147.844228,0.905548,-0.094452,-9.445227,0.842199,-0.157801
2026-02-17,67494.21875,128.669998,35649433930.46875,144.916398,0.887891,-0.112109,-11.210878,0.844669,-0.155331
2026-02-18,66425.320312,125.199997,35084857809.25781,142.621373,0.877849,-0.122151,-12.215123,0.846692,-0.153308
2026-02-19,66957.523438,129.449997,35365959516.83594,143.764063,0.900434,-0.099566,-9.956637,0.850541,-0.149459
2026-02-20,68005.421875,131.050003,35919443753.046875,146.013999,0.897517,-0.102483,-10.24833,0.852942,-0.147058
2026-02-23,64616.738281,123.709999,34129591909.08203,138.738178,0.89168,-0.10832,-10.832043,0.854188,-0.145812
2026-02-24,64080.042969,124.610001,33846117495.44922,137.585843,0.905689,-0.094311,-9.431089,0.857392,-0.142608
2026-02-25,67960.125,135.649994,35895518623.125,145.916742,0.92964,-0.07036,-7.036032,0.860762,-0.139238
2026-02-26,67453.773438,133.399994,35628071323.08594,144.829558,0.921083,-0.078917,-7.891735,0.86329,-0.13671
2026-02-27,65881.796875,129.5,34797776882.421875,141.454378,0.91549,-0.08451,-8.451048,0.865084,-0.134916
2026-03-02,68775.851562,137.649994,36326373157.53906,147.668184,0.932157,-0.067843,-6.784257,0.868387,-0.131613
2026-03-03,68293.648438,132.679993,36071680699.96094,146.632848,0.904845,-0.095155,-9.515505,0.870317,-0.129683
2026-03-04,72710.578125,146.440002,38404636706.953125,156.116409,0.938018,-0.061982,-6.1982,0.873416,-0.126584
2026-03-05,70841.125,139.809998,37417219608.125,152.102519,0.919183,-0.080817,-8.081734,0.875601,-0.124399
2026-03-06,68136.492188,133.529999,35988673126.05469,146.295419,0.912742,-0.087258,-8.725783,0.87809,-0.12191
2026-03-09,68402.382812,138.949997,36129112565.82031,146.866311,0.946099,-0.053901,-5.39015,0.881335,-0.118665
2026-03-10,69926.921875,138.460007,36934351230.546875,150.139639,0.922208,-0.077792,-7.77918,0.883831,-0.116169
2026-03-11,70204.882812,138.330002,37081166028.32031,150.736447,0.917694,-0.082306,-8.230554,0.886268,-0.113732
2026-03-12,70493.460938,137.339996,37233588665.27344,151.356051,0.907397,-0.092603,-9.26032,0.888932,-0.111068
2026-03-13,70968.265625,139.669998,37484373379.140625,152.375502,0.916617,-0.083383,-8.338285,0.893198,-0.106802
2026-03-16,74861.085938,147.520004,39540502675.89844,160.733751,0.917791,-0.082209,-8.220891,0.896164,-0.103836
2026-03-17,73922.476562,150.279999,39044743283.16406,158.718469,0.946834,-0.053166,-5.316628,0.900177,-0.099823
2026-03-18,71245.578125,140.559998,37630845681.953125,152.970917,0.918867,-0.081133,-8.113255,0.903452,-0.096548
2026-03-19,69912.789062,138.240005,36926886490.97656,150.109295,0.920929,-0.079071,-7.907098,0.906704,-0.093296
2026-03-20,70522.585938,135.660004,37248972053.39844,151.418586,0.895927,-0.104073,-10.407297,0.910077,-0.089923
2026-03-23,70914.859375,138.199997,37456164998.984375,152.260833,0.907653,-0.092347,-9.234703,0.910643,-0.089357
2026-03-24,70517.859375,136.25,37246475553.984375,151.408437,0.899884,-0.100116,-10.01162,0.909988,-0.090012
2026-03-25,71309.882812,139.130005,37664810453.32031,153.108986,0.908699,-0.091301,-9.130085,0.910264,-0.089736
2026-03-26,68791.625,132.929993,36334704450.625,147.702051,0.899987,-0.100013,-10.001254,0.911047,-0.088953
2026-03-27,66338.375,126.029999,35038934599.375,142.434693,0.884827,-0.115173,-11.517345,0.911706,-0.088294
2026-03-30,66691.445312,121.440002,35225421042.38281,143.192768,0.848088,-0.151912,-15.191246,0.909791,-0.090209
2026-03-31,68233.3125,124.800003,36039812162.81249,146.503301,0.851858,-0.148142,-14.814204,0.908589,-0.091411
2026-04-01,68078.554688,122.779999,35958071407.61719,146.171022,0.839975,-0.160025,-16.002504,0.907327,-0.092673
2026-04-02,66888.570312,119.830002,35329539510.50781,143.616014,0.834378,-0.165622,-16.562228,0.905125,-0.094875
2026-04-06,68859.828125,127.690002,36370728318.203125,147.848489,0.863654,-0.136346,-13.634557,0.903996,-0.096004
2026-04-07,71940.703125,123.720001,37998000280.078125,154.463416,0.800966,-0.199034,-19.903363,0.900973,-0.099027
2026-04-08,71123.359375,128.300003,37566291571.484375,152.708502,0.840163,-0.159837,-15.98372,0.898788,-0.101212
